<?xml version="1.0" encoding="UTF-8"?>
<!DOCTYPE mapper PUBLIC "-//mybatis.org//DTD Mapper 3.0//EN" "http://mybatis.org/dtd/mybatis-3-mapper.dtd">

<mapper namespace="com.gs24.website.persistence.AnswerMapper">
   
   <resultMap type="com.gs24.website.domain.AnswerVO" id="answerResultMap">
      <id property="answerId" column="ANSWER_ID" /> 
      <result property="questionId" column="QUESTION_ID" /> 
      <result property="memberId" column="MEMBER_ID" />
      <result property="answerContent" column="ANSWER_CONTENT" />
      <result property="answerDateCreated" column="ANSWER_DATE_CREATED" />
   </resultMap>
   
   <insert id="insert">
      INSERT INTO ANSWER (ANSWER_ID, QUESTION_ID, MEMBER_ID, ANSWER_CONTENT, ANSWER_DATE_CREATED)
      VALUES (ANSWER_SEQ.NEXTVAL, #{questionId}, #{memberId}, #{answerContent}, SYSDATE)
   </insert>
   
   <select id="selectListByQuestionId" resultMap="answerResultMap">
      SELECT * FROM ANSWER
      WHERE QUESTION_ID = #{questionId}
      ORDER BY ANSWER_ID
   </select>
   
   <update id="update">
      UPDATE ANSWER
      SET ANSWER_CONTENT = #{answerContent}
      WHERE ANSWER_ID = #{answerId}
   </update>
   
   <delete id="delete">
      DELETE FROM ANSWER
      WHERE ANSWER_ID = #{answerId}
   </delete>
   
    
</mapper>