<?xml version="1.0" encoding="UTF-8"?>
<!DOCTYPE mapper PUBLIC "-//mybatis.org//DTD Mapper 3.0//EN" "http://mybatis.org/dtd/mybatis-3-mapper.dtd">
<mapper namespace="com.gs24.website.persistence.CouponMapper">

	<resultMap type="com.gs24.website.domain.CouponVO"
		id="couponResultMap">
		<id property="couponId" column="COUPON_ID" />
		<result property="couponName" column="COUPON_NAME" />
		<result property="memberId" column="MEMBER_ID" />
		<result property="couponGrantDate" column="COUPON_GRANT_DATE" />
		<result property="couponExpiredDate" column="COUPON_EXPIRED_DATE" />
		<result property="isValid" column="IS_VALID" />
		<result property="isUsed" column="IS_USED" />
	</resultMap>
	
	<insert id="insertCoupon">
		INSERT INTO COUPON
		(COUPON_ID, COUPON_NAME, MEMBER_ID, COUPON_GRANT_DATE,
		COUPON_EXPIRED_DATE, IS_VALID, IS_USED) VALUES
		(COUPON_SEQ.NEXTVAL, #{couponName},
		#{memberId}, SYSDATE, SYSDATE, 1, 0)
	</insert>
	
	<select id="selectList" resultMap="couponResultMap">
		SELECT * FROM COUPON ORDER
		BY MEMBER_ID DESC
	</select>
</mapper>