<?xml version="1.0" encoding="UTF-8"?>
<!DOCTYPE mapper PUBLIC "-//mybatis.org//DTD Mapper 3.0//EN" "http://mybatis.org/dtd/mybatis-3-mapper.dtd">
<!-- Mapper XML 설정 태그 -->

<!-- namespace : 연결할 Mapper 인터페이스 경로 및 이름 -->
<mapper namespace="com.gs24.website.persistence.NoticeMapper">
	<!-- <resultMap> : DB 쿼리 반환 데이터와 Entity(VO) 클래스의 멤버 변수 매핑을 정의하는 태그 - 속성 
		: type : 연결할 클래스의 패키지와 이름 id : SQL 쿼리 정의 태그에서 인식되는 이름 -->
	<resultMap type="com.gs24.website.domain.NoticeVO"
		id="noticeResultMap">
		<!-- <id> : key 칼럼 매핑 태그 <result> : 일반 칼럼 매핑 태그 - 속성 : -->
		<id property="noticeId" column="NOTICE_ID" />
		<result property="memberId" column="MEMBER_ID" />
		<result property="noticeTitle" column="NOTICE_TITLE" />
		<result property="noticeContent" column="NOTICE_CONTENT" />
		<result property="noticeDateCreated"
			column="NOTICE_DATE_CREATED" />
	</resultMap>

	
	<insert id="insert">
		INSERT INTO NOTICE (NOTICE_ID, MEMBER_ID, NOTICE_TITLE, NOTICE_CONTENT,NOTICE_DATE_CREATED)
		VALUES (NOTICE_SEQ.NEXTVAL, #{memberId}, #{noticeTitle}, #{noticeContent}, SYSDATE)
	</insert>
	
	<select id="selectList" resultMap="noticeResultMap">
		SELECT * FROM NOTICE ORDER BY NOTICE_ID DESC
	</select>
	
	<select id="selectOne" resultMap="noticeResultMap">
		SELECT * FROM NOTICE WHERE NOTICE_ID = #{noticeId}
	</select>
	
	<update id="update">	 	
	   UPDATE NOTICE SET
       NOTICE_TITLE = #{noticeTitle}, 
       NOTICE_CONTENT = #{noticeContent}, 
       NOTICE_DATE_CREATED = SYSDATE
       WHERE NOTICE_ID = #{noticeId}	 	
	 </update>
	 
	 <delete id="delete">	 
	   DELETE NOTICE WHERE NOTICE_ID = #{noticeId}	 	
	 </delete>
	
	<select id="selectListByPagination" resultMap="noticeResultMap">
	 	SELECT * FROM
	 	(
	 		SELECT ROW_NUMBER() OVER (ORDER BY NOTICE_ID DESC)
	 		AS RN, NOTICE.* FROM NOTICE
	 	) 
	 	WHERE RN BETWEEN #{start} AND #{end}
	 </select>
	 
	<select id="selectTotalCount" resultType="Integer">
		SELECT COUNT(*) TOTAL_COUNT FROM NOTICE
	 </select>
	 
	 <!-- 제목으로 검색 (noticeTitle을 사용) -->
    <select id="selectListByTitle" resultMap="noticeResultMap">
    SELECT * FROM NOTICE
    WHERE NOTICE_TITLE LIKE '%' || #{noticeTitle} || '%'
    ORDER BY NOTICE_DATE_CREATED DESC
	</select>

    
    

</mapper>